"","StationCode","SampleID","FinalID","BAResult"
"1","ME-CC","ME-CC20107121","Apedilum",1
"2","ME-CC","ME-CC20107121","Argia",2
"3","ME-CC","ME-CC20107121","Ceratopogonidae",2
"4","ME-CC","ME-CC20107121","Chironomus",6
"5","ME-CC","ME-CC20107121","Cladotanytarsus",2
"6","ME-CC","ME-CC20107121","Corbicula",17
"7","ME-CC","ME-CC20107121","Cricotopus",115
"8","ME-CC","ME-CC20107121","Cricotopus",6
"9","ME-CC","ME-CC20107121","Cricotopus bicinctus group",24
"10","ME-CC","ME-CC20107121","Cryptochironomus",1
"11","ME-CC","ME-CC20107121","Dicrotendipes",15
"12","ME-CC","ME-CC20107121","Dina",2
"13","ME-CC","ME-CC20107121","Ephemeroptera",1
"14","ME-CC","ME-CC20107121","Ephydridae",1
"15","ME-CC","ME-CC20107121","Ephydridae",3
"16","ME-CC","ME-CC20107121","Fallceon quilleri",4
"17","ME-CC","ME-CC20107121","Hemerodromia",1
"18","ME-CC","ME-CC20107121","Hydroptila",3
"19","ME-CC","ME-CC20107121","Hydroptilidae",15
"20","ME-CC","ME-CC20107121","Oligochaeta",187
"21","ME-CC","ME-CC20107121","Ostracoda",54
"22","ME-CC","ME-CC20107121","Pericoma/ Telmatoscopus",1
"23","ME-CC","ME-CC20107121","Physa",4
"24","ME-CC","ME-CC20107121","Polypedilum",5
"25","ME-CC","ME-CC20107121","Tanytarsus ",1
"26","ME-CC","ME-CC20107121","Tanytarsus",3
"27","ME-CC","ME-CC20107121","Trichoptera",1
"28","ME-CC","ME-CC20107121","Tricorythodes minutus",3
"29","ME-CC","ME-CC20107121","Turbellaria",26
"30","ME-CC","ME-CC2011771","Baetis",9
"31","ME-CC","ME-CC2011771","Baetis adonis",6
"32","ME-CC","ME-CC2011771","Cladotanytarsus",1
"33","ME-CC","ME-CC2011771","Cladotanytarsus",98
"34","ME-CC","ME-CC2011771","Coenagrionidae",1
"35","ME-CC","ME-CC2011771","Corbicula",22
"36","ME-CC","ME-CC2011771","Corixidae",1
"37","ME-CC","ME-CC2011771","Cricotopus",2
"38","ME-CC","ME-CC2011771","Cricotopus",45
"39","ME-CC","ME-CC2011771","Cricotopus bicinctus group",52
"40","ME-CC","ME-CC2011771","Cryptochironomus",63
"41","ME-CC","ME-CC2011771","Dicrotendipes",1
"42","ME-CC","ME-CC2011771","Dicrotendipes",42
"43","ME-CC","ME-CC2011771","Fallceon quilleri",7
"44","ME-CC","ME-CC2011771","Hemerodromia",2
"45","ME-CC","ME-CC2011771","Hydroptila",36
"46","ME-CC","ME-CC2011771","Hydroptilidae",6
"47","ME-CC","ME-CC2011771","Oligochaeta",18
"48","ME-CC","ME-CC2011771","Pentaneura",12
"49","ME-CC","ME-CC2011771","Pericoma/ Telmatoscopus",1
"50","ME-CC","ME-CC2011771","Physa",2
"51","ME-CC","ME-CC2011771","Polypedilum",2
"52","ME-CC","ME-CC2011771","Polypedilum",72
"53","ME-CC","ME-CC2011771","Rheotanytarsus",11
"54","ME-CC","ME-CC2011771","Simulium argus",34
"55","ME-CC","ME-CC2011771","Sperchon",7
"56","ME-CC","ME-CC2011771","Tanytarsus",3
"57","ME-CC","ME-CC2011771","Thienemanniella",6
"58","ME-CC","ME-CC2011771","Tribelos",1
"59","ME-CC","ME-CC2011771","Tricorythodes explicatus",19
"60","ME-CC","ME-CC2011771","Turbellaria",1
"61","ME-VR2","ME-VR22010771","Anax",4
"62","ME-VR2","ME-VR22010771","Anisoptera",8
"63","ME-VR2","ME-VR22010771","Apedilum",17
"64","ME-VR2","ME-VR22010771","Atractides",7
"65","ME-VR2","ME-VR22010771","Bezzia/ Palpomyia",2
"66","ME-VR2","ME-VR22010771","Caenis",1
"67","ME-VR2","ME-VR22010771","Callibaetis",10
"68","ME-VR2","ME-VR22010771","Caloparyphus/ Euparyphus",29
"69","ME-VR2","ME-VR22010771","Chironomus",28
"70","ME-VR2","ME-VR22010771","Coenagrionidae",4
"71","ME-VR2","ME-VR22010771","Corixidae",32
"72","ME-VR2","ME-VR22010771","Cryptochironomus",7
"73","ME-VR2","ME-VR22010771","Dicrotendipes",3
"74","ME-VR2","ME-VR22010771","Dixella",1
"75","ME-VR2","ME-VR22010771","Ferrissia",1
"76","ME-VR2","ME-VR22010771","Forcipomyia",9
"77","ME-VR2","ME-VR22010771","Hyalella",111
"78","ME-VR2","ME-VR22010771","Hydrobiidae",7
"79","ME-VR2","ME-VR22010771","Hydrophilus",1
"80","ME-VR2","ME-VR22010771","Labrundinia",6
"81","ME-VR2","ME-VR22010771","Lebertia",2
"82","ME-VR2","ME-VR22010771","Limnophyes",2
"83","ME-VR2","ME-VR22010771","Menetus opercularis",1
"84","ME-VR2","ME-VR22010771","Microtendipes",43
"85","ME-VR2","ME-VR22010771","Oligochaeta",91
"86","ME-VR2","ME-VR22010771","Ostracoda",11
"87","ME-VR2","ME-VR22010771","Paraphaenocladius",4
"88","ME-VR2","ME-VR22010771","Pentaneura",13
"89","ME-VR2","ME-VR22010771","Phaenopsectra",1
"90","ME-VR2","ME-VR22010771","Polycentropus",1
"91","ME-VR2","ME-VR22010771","Polypedilum",64
"92","ME-VR2","ME-VR22010771","Sialis",1
"93","ME-VR2","ME-VR22010771","Tabanidae",1
"94","ME-VR2","ME-VR22010771","Tanytarsus",1
"95","ME-VR2","ME-VR22010771","Tanytarsus",16
"96","ME-VR2","ME-VR22010771","Thienemannimyia group",5
"97","ME-VR2","ME-VR22010771","Tipula",1
"98","ME-VR2","ME-VR22010771","Torrenticolidae",18
"99","ME-VR2","ME-VR22010771","Tribelos",1
"100","ME-VR2","ME-VR22010771","Trichocorixa calva",11
"101","ME-VR2","ME-VR22010771","Tricorythodes minutus",28
"102","ME-VR2","ME-VR22011761","Apedilum",6
"103","ME-VR2","ME-VR22011761","Atractides",10
"104","ME-VR2","ME-VR22011761","Baetis",10
"105","ME-VR2","ME-VR22011761","Baetis adonis",29
"106","ME-VR2","ME-VR22011761","Baetis tricaudatus",5
"107","ME-VR2","ME-VR22011761","Callibaetis",1
"108","ME-VR2","ME-VR22011761","Caloparyphus/ Euparyphus",1
"109","ME-VR2","ME-VR22011761","Corisella decolor",1
"110","ME-VR2","ME-VR22011761","Corixidae",11
"111","ME-VR2","ME-VR22011761","Cricotopus",2
"112","ME-VR2","ME-VR22011761","Cricotopus",9
"113","ME-VR2","ME-VR22011761","Cricotopus trifascia group",30
"114","ME-VR2","ME-VR22011761","Eukiefferiella",4
"115","ME-VR2","ME-VR22011761","Euparyphus",1
"116","ME-VR2","ME-VR22011761","Fallceon quilleri",66
"117","ME-VR2","ME-VR22011761","Hyalella",3
"118","ME-VR2","ME-VR22011761","Hydropsyche",49
"119","ME-VR2","ME-VR22011761","Hydroptila",38
"120","ME-VR2","ME-VR22011761","Hydroptilidae",1
"121","ME-VR2","ME-VR22011761","Labrundinia",2
"122","ME-VR2","ME-VR22011761","Micrasema",3
"123","ME-VR2","ME-VR22011761","Microcylloepus",3
"124","ME-VR2","ME-VR22011761","Micropsectra",3
"125","ME-VR2","ME-VR22011761","Microtendipes",38
"126","ME-VR2","ME-VR22011761","Ochrotrichia",3
"127","ME-VR2","ME-VR22011761","Ostracoda",47
"128","ME-VR2","ME-VR22011761","Pentaneura",4
"129","ME-VR2","ME-VR22011761","Polycentropus",1
"130","ME-VR2","ME-VR22011761","Polypedilum",5
"131","ME-VR2","ME-VR22011761","Rheocricotopus",1
"132","ME-VR2","ME-VR22011761","Rheotanytarsus",55
"133","ME-VR2","ME-VR22011761","Simulium",11
"134","ME-VR2","ME-VR22011761","Simulium argus",2
"135","ME-VR2","ME-VR22011761","Simulium argus",47
"136","ME-VR2","ME-VR22011761","Simulium hippovorum",17
"137","ME-VR2","ME-VR22011761","Simulium hippovorum",2
"138","ME-VR2","ME-VR22011761","Sperchon",21
"139","ME-VR2","ME-VR22011761","Tanytarsus",12
"140","ME-VR2","ME-VR22011761","Thienemannimyia group",5
"141","ME-VR2","ME-VR22011761","Tinodes",1
"142","ME-VR2","ME-VR22011761","Tribelos",1
"143","ME-VR2","ME-VR22011761","Tricorythodes explicatus",45
"144","ME-VR2","ME-VR22011761","Tvetenia bavarica group",2
"145","SGUR010","SGUR01020106181","Agabus",1
"146","SGUR010","SGUR01020106181","Baetis",65
"147","SGUR010","SGUR01020106181","Baetis adonis",3
"148","SGUR010","SGUR01020106181","Caloparyphus/ Euparyphus",17
"149","SGUR010","SGUR01020106181","Coenagrionidae",1
"150","SGUR010","SGUR01020106181","Corynoneura",5
"151","SGUR010","SGUR01020106181","Cricotopus",2
"152","SGUR010","SGUR01020106181","Cricotopus",82
"153","SGUR010","SGUR01020106181","Dasyhelea",2
"154","SGUR010","SGUR01020106181","Eukiefferiella",2
"155","SGUR010","SGUR01020106181","Eukiefferiella",63
"156","SGUR010","SGUR01020106181","Forcipomyia",1
"157","SGUR010","SGUR01020106181","Hydroptila",10
"158","SGUR010","SGUR01020106181","Hydroptilidae",1
"159","SGUR010","SGUR01020106181","Hydroptilidae",28
"160","SGUR010","SGUR01020106181","Hygrobates",1
"161","SGUR010","SGUR01020106181","Lebertia",1
"162","SGUR010","SGUR01020106181","Malenka",1
"163","SGUR010","SGUR01020106181","Micropsectra",11
"164","SGUR010","SGUR01020106181","Muscidae",3
"165","SGUR010","SGUR01020106181","Nemouridae",2
"166","SGUR010","SGUR01020106181","Ochrotrichia",9
"167","SGUR010","SGUR01020106181","Parametriocnemus",53
"168","SGUR010","SGUR01020106181","Pentaneura",9
"169","SGUR010","SGUR01020106181","Plecoptera",1
"170","SGUR010","SGUR01020106181","Polycentropus",1
"171","SGUR010","SGUR01020106181","Polypedilum",1
"172","SGUR010","SGUR01020106181","Polypedilum",23
"173","SGUR010","SGUR01020106181","Rheotanytarsus",11
"174","SGUR010","SGUR01020106181","Simulium",1
"175","SGUR010","SGUR01020106181","Simulium",148
"176","SGUR010","SGUR01020106181","Tanytarsus",21
"177","SGUR010","SGUR01020106181","Thienemanniella",1
"178","SGUR010","SGUR01020106181","Thienemannimyia group",4
"179","SGUR010","SGUR01020116271","Agapetus",4
"180","SGUR010","SGUR01020116271","Baetis",147
"181","SGUR010","SGUR01020116271","Baetis adonis",153
"182","SGUR010","SGUR01020116271","Caloparyphus/ Euparyphus",7
"183","SGUR010","SGUR01020116271","Corynoneura",9
"184","SGUR010","SGUR01020116271","Cricotopus",3
"185","SGUR010","SGUR01020116271","Dolichopodidae",1
"186","SGUR010","SGUR01020116271","Eukiefferiella",2
"187","SGUR010","SGUR01020116271","Eukiefferiella",4
"188","SGUR010","SGUR01020116271","Euparyphus",1
"189","SGUR010","SGUR01020116271","Fallceon quilleri",5
"190","SGUR010","SGUR01020116271","Hydropsyche",2
"191","SGUR010","SGUR01020116271","Hydroptila",16
"192","SGUR010","SGUR01020116271","Lebertia",4
"193","SGUR010","SGUR01020116271","Malenka",16
"194","SGUR010","SGUR01020116271","Maruina",1
"195","SGUR010","SGUR01020116271","Micropsectra",10
"196","SGUR010","SGUR01020116271","Nilotanypus",1
"197","SGUR010","SGUR01020116271","Ochrotrichia",4
"198","SGUR010","SGUR01020116271","Oligochaeta",14
"199","SGUR010","SGUR01020116271","Parametriocnemus",17
"200","SGUR010","SGUR01020116271","Pentaneura",3
"201","SGUR010","SGUR01020116271","Polypedilum",22
"202","SGUR010","SGUR01020116271","Pseudochironomus",6
"203","SGUR010","SGUR01020116271","Rheotanytarsus",4
"204","SGUR010","SGUR01020116271","Simulium",14
"205","SGUR010","SGUR01020116271","Simulium argus ",106
"206","SGUR010","SGUR01020116271","Stratiomyidae",1
"207","SGUR010","SGUR01020116271","Tanytarsus",8
"208","SGUR010","SGUR01020116271","Wormaldia",4
"209","SGUR103","SGUR10320107221","Agabus",2
"210","SGUR103","SGUR10320107221","Baetis",18
"211","SGUR103","SGUR10320107221","Belostomatidae",1
"212","SGUR103","SGUR10320107221","Brillia",104
"213","SGUR103","SGUR10320107221","Brillia",2
"214","SGUR103","SGUR10320107221","Calineuria californica",2
"215","SGUR103","SGUR10320107221","Caloparyphus/ Euparyphus",1
"216","SGUR103","SGUR10320107221","Corynoneura",3
"217","SGUR103","SGUR10320107221","Corynoneura",37
"218","SGUR103","SGUR10320107221","Cricotopus",13
"219","SGUR103","SGUR10320107221","Dicranota",7
"220","SGUR103","SGUR10320107221","Dixa",1
"221","SGUR103","SGUR10320107221","Elmidae",1
"222","SGUR103","SGUR10320107221","Empididae",1
"223","SGUR103","SGUR10320107221","Eukiefferiella",15
"224","SGUR103","SGUR10320107221","Forcipomyia",1
"225","SGUR103","SGUR10320107221","Hemerodromia",3
"226","SGUR103","SGUR10320107221","Heptageniidae",6
"227","SGUR103","SGUR10320107221","Hydropsyche",10
"228","SGUR103","SGUR10320107221","Lebertia",1
"229","SGUR103","SGUR10320107221","Lepidostoma",1
"230","SGUR103","SGUR10320107221","Leptophlebiidae",15
"231","SGUR103","SGUR10320107221","Malenka",132
"232","SGUR103","SGUR10320107221","Micrasema",7
"233","SGUR103","SGUR10320107221","Micropsectra",12
"234","SGUR103","SGUR10320107221","Nemouridae",23
"235","SGUR103","SGUR10320107221","Neoplasta",3
"236","SGUR103","SGUR10320107221","Oligochaeta",17
"237","SGUR103","SGUR10320107221","Orohermes crepusculus",1
"238","SGUR103","SGUR10320107221","Paraleptophlebia",1
"239","SGUR103","SGUR10320107221","Parametriocnemus",4
"240","SGUR103","SGUR10320107221","Parametriocnemus",91
"241","SGUR103","SGUR10320107221","Pentaneura",31
"242","SGUR103","SGUR10320107221","Polycentropus",2
"243","SGUR103","SGUR10320107221","Rheotanytarsus",41
"244","SGUR103","SGUR10320107221","Simulium",13
"245","SGUR103","SGUR10320107221","Sperchonopsis",2
"246","SGUR103","SGUR10320107221","Stempellinella",3
"247","SGUR103","SGUR10320107221","Tanytarsus",1
"248","SGUR103","SGUR10320107221","Testudacarus",1
"249","SGUR103","SGUR10320107221","Thienemanniella",4
"250","SGUR103","SGUR10320107221","Thienemannimyia group",1
"251","SGUR103","SGUR10320107221","Turbellaria",1
"252","SGUR103","SGUR10320107221","Tvetenia bavarica group",21
"253","SGUR103","SGUR1032011831","Agabinus sculpturellus",1
"254","SGUR103","SGUR1032011831","Agabus",1
"255","SGUR103","SGUR1032011831","Baetis",9
"256","SGUR103","SGUR1032011831","Baetis tricaudatus",22
"257","SGUR103","SGUR1032011831","Brillia",16
"258","SGUR103","SGUR1032011831","Calineuria",11
"259","SGUR103","SGUR1032011831","Caloparyphus/ Euparyphus",1
"260","SGUR103","SGUR1032011831","Cardiocladius",2
"261","SGUR103","SGUR1032011831","Corynoneura",8
"262","SGUR103","SGUR1032011831","Dicranota",1
"263","SGUR103","SGUR1032011831","Diphetor hageni",1
"264","SGUR103","SGUR1032011831","Epeorus",35
"265","SGUR103","SGUR1032011831","Eukiefferiella",26
"266","SGUR103","SGUR1032011831","Farula",223
"267","SGUR103","SGUR1032011831","Hydropsyche",41
"268","SGUR103","SGUR1032011831","Lara",1
"269","SGUR103","SGUR1032011831","Lepidostoma",16
"270","SGUR103","SGUR1032011831","Lethocerus",1
"271","SGUR103","SGUR1032011831","Malenka",29
"272","SGUR103","SGUR1032011831","Maruina lanceolata",1
"273","SGUR103","SGUR1032011831","Micrasema",58
"274","SGUR103","SGUR1032011831","Neoplasta",2
"275","SGUR103","SGUR1032011831","Oligochaeta",3
"276","SGUR103","SGUR1032011831","Paraleptophlebia",1
"277","SGUR103","SGUR1032011831","Parametriocnemus",14
"278","SGUR103","SGUR1032011831","Pentaneura",3
"279","SGUR103","SGUR1032011831","Polypedilum",23
"280","SGUR103","SGUR1032011831","Rheotanytarsus",7
"281","SGUR103","SGUR1032011831","Rhyacophila",11
"282","SGUR103","SGUR1032011831","Simulium canadense",11
"283","SGUR103","SGUR1032011831","Sperchonopsis",1
"284","SGUR103","SGUR1032011831","Tanytarsus",1
"285","SGUR103","SGUR1032011831","Thienemannimyia group",2
"286","SGUR103","SGUR1032011831","Turbellaria",11
"287","SGUT502","SGUT50220105271","Baetis  ",247
"288","SGUT502","SGUT50220105271","Baetis adonis",147
"289","SGUT502","SGUT50220105271","Bezzia/ Palpomyia",1
"290","SGUT502","SGUT50220105271","Blepharicera",4
"291","SGUT502","SGUT50220105271","Brillia",2
"292","SGUT502","SGUT50220105271","Brillia",32
"293","SGUT502","SGUT50220105271","Caloparyphus/ Euparyphus",1
"294","SGUT502","SGUT50220105271","Chelifera/ Metachela",7
"295","SGUT502","SGUT50220105271","Cricotopus",2
"296","SGUT502","SGUT50220105271","Drunella",11
"297","SGUT502","SGUT50220105271","Eukiefferiella",11
"298","SGUT502","SGUT50220105271","Euparyphus",1
"299","SGUT502","SGUT50220105271","Helicopsyche sinuata",11
"300","SGUT502","SGUT50220105271","Hyalella",1
"301","SGUT502","SGUT50220105271","Hydropsyche",7
"302","SGUT502","SGUT50220105271","Isoperla",7
"303","SGUT502","SGUT50220105271","Lepidostoma",1
"304","SGUT502","SGUT50220105271","Maruina lanceolata",1
"305","SGUT502","SGUT50220105271","Micropsectra",9
"306","SGUT502","SGUT50220105271","Mideopsis",7
"307","SGUT502","SGUT50220105271","Oligochaeta",3
"308","SGUT502","SGUT50220105271","Perlidae",1
"309","SGUT502","SGUT50220105271","Petrophila",1
"310","SGUT502","SGUT50220105271","Polycentropus",1
"311","SGUT502","SGUT50220105271","Polypedilum",1
"312","SGUT502","SGUT50220105271","Polypedilum",15
"313","SGUT502","SGUT50220105271","Sciomyzidae",1
"314","SGUT502","SGUT50220105271","Simulium",1
"315","SGUT502","SGUT50220105271","Simulium",43
"316","SGUT502","SGUT50220105271","Sperchon",8
"317","SGUT502","SGUT50220105271","Stempellinella",1
"318","SGUT502","SGUT50220105271","Tanytarsus",4
"319","SGUT502","SGUT50220105271","Thienemanniella",2
"320","SGUT502","SGUT50220105271","Thienemannimyia group",1
"321","SGUT502","SGUT50220105271","Tvetenia bavarica group",1
"322","SGUT502","SGUT50220116281","Baetis",35
"323","SGUT502","SGUT50220116281","Baetis tricaudatus",243
"324","SGUT502","SGUT50220116281","Bezzia/ Palpomyia",1
"325","SGUT502","SGUT50220116281","Brillia",8
"326","SGUT502","SGUT50220116281","Calineuria",1
"327","SGUT502","SGUT50220116281","Corynoneura",1
"328","SGUT502","SGUT50220116281","Corynoneura",6
"329","SGUT502","SGUT50220116281","Dicranota",1
"330","SGUT502","SGUT50220116281","Diphetor hageni",11
"331","SGUT502","SGUT50220116281","Drunella coloradensis",6
"332","SGUT502","SGUT50220116281","Empididae",1
"333","SGUT502","SGUT50220116281","Epeorus",14
"334","SGUT502","SGUT50220116281","Eukiefferiella",3
"335","SGUT502","SGUT50220116281","Gumaga",2
"336","SGUT502","SGUT50220116281","Helicopsyche",1
"337","SGUT502","SGUT50220116281","Hydropsyche",55
"338","SGUT502","SGUT50220116281","Lebertia",2
"339","SGUT502","SGUT50220116281","Lepidostoma",8
"340","SGUT502","SGUT50220116281","Malenka",25
"341","SGUT502","SGUT50220116281","Maruina",1
"342","SGUT502","SGUT50220116281","Matriella teresa",2
"343","SGUT502","SGUT50220116281","Menetus opercularis",1
"344","SGUT502","SGUT50220116281","Micropsectra",18
"345","SGUT502","SGUT50220116281","Microtendipes",21
"346","SGUT502","SGUT50220116281","Neoplasta",6
"347","SGUT502","SGUT50220116281","Neotrichia ",1
"348","SGUT502","SGUT50220116281","Ordobrevia nubifera",1
"349","SGUT502","SGUT50220116281","Parametriocnemus",1
"350","SGUT502","SGUT50220116281","Pentaneura",3
"351","SGUT502","SGUT50220116281","Polycentropus",34
"352","SGUT502","SGUT50220116281","Polypedilum",7
"353","SGUT502","SGUT50220116281","Rheotanytarsus",2
"354","SGUT502","SGUT50220116281","Rheotanytarsus",41
"355","SGUT502","SGUT50220116281","Simulium",7
"356","SGUT502","SGUT50220116281","Simulium argus ",1
"357","SGUT502","SGUT50220116281","Simulium hippovorum",1
"358","SGUT502","SGUT50220116281","Simulium hippovorum",24
"359","SGUT502","SGUT50220116281","Sperchon",4
"360","SGUT502","SGUT50220116281","Stempellinella",7
"361","SGUT502","SGUT50220116281","Thienemannimyia group",11
"362","SGUT502","SGUT50220116281","Torrenticola",1
"363","SGUT503","SGUT50320105271","Agapetus",1
"364","SGUT503","SGUT50320105271","Baetis",38
"365","SGUT503","SGUT50320105271","Baetis adonis",5
"366","SGUT503","SGUT50320105271","Bezzia/ Palpomyia",1
"367","SGUT503","SGUT50320105271","Brillia",35
"368","SGUT503","SGUT50320105271","Calineuria californica",6
"369","SGUT503","SGUT50320105271","Caloparyphus/ Euparyphus",13
"370","SGUT503","SGUT50320105271","Chelifera/ Metachela",7
"371","SGUT503","SGUT50320105271","Cricotopus",7
"372","SGUT503","SGUT50320105271","Dicranota",2
"373","SGUT503","SGUT50320105271","Drunella",16
"374","SGUT503","SGUT50320105271","Elmidae",1
"375","SGUT503","SGUT50320105271","Eukiefferiella",28
"376","SGUT503","SGUT50320105271","Euparyphus",3
"377","SGUT503","SGUT50320105271","Fallceon quilleri",11
"378","SGUT503","SGUT50320105271","Frontipoda",1
"379","SGUT503","SGUT50320105271","Hydropsyche",2
"380","SGUT503","SGUT50320105271","Ironodes",4
"381","SGUT503","SGUT50320105271","Isoperla",1
"382","SGUT503","SGUT50320105271","Lebertia",7
"383","SGUT503","SGUT50320105271","Micrasema",8
"384","SGUT503","SGUT50320105271","Micropsectra",1
"385","SGUT503","SGUT50320105271","Micropsectra",43
"386","SGUT503","SGUT50320105271","Ochrotrichia",3
"387","SGUT503","SGUT50320105271","Oligochaeta",190
"388","SGUT503","SGUT50320105271","Orthocladius lignicola",1
"389","SGUT503","SGUT50320105271","Ostracoda",4
"390","SGUT503","SGUT50320105271","Parametriocnemus",26
"391","SGUT503","SGUT50320105271","Pericoma/ Telmatoscopus",1
"392","SGUT503","SGUT50320105271","Physa",3
"393","SGUT503","SGUT50320105271","Polycentropus",5
"394","SGUT503","SGUT50320105271","Polypedilum",3
"395","SGUT503","SGUT50320105271","Rheotanytarsus",2
"396","SGUT503","SGUT50320105271","Rhyacophila",4
"397","SGUT503","SGUT50320105271","Simulium",23
"398","SGUT503","SGUT50320105271","Sperchon",2
"399","SGUT503","SGUT50320105271","Tanytarsus",15
"400","SGUT503","SGUT50320105271","Torrenticola",3
"401","SGUT503","SGUT50320105271","Trichoptera",5
"402","SGUT503","SGUT50320105271","Turbellaria",27
"403","SGUT503","SGUT50320105271","Tvetenia bavarica group",2
"404","SGUT503","SGUT50320105271","Wormaldia",1
"405","SGUT503","SGUT50320117271","Agapetus",4
"406","SGUT503","SGUT50320117271","Atractides",3
"407","SGUT503","SGUT50320117271","Baetis",14
"408","SGUT503","SGUT50320117271","Baetis tricaudatus",7
"409","SGUT503","SGUT50320117271","Brillia",1
"410","SGUT503","SGUT50320117271","Brillia",81
"411","SGUT503","SGUT50320117271","Calineuria",6
"412","SGUT503","SGUT50320117271","Clinocera",7
"413","SGUT503","SGUT50320117271","Cricotopus",7
"414","SGUT503","SGUT50320117271","Dicranota",1
"415","SGUT503","SGUT50320117271","Drunella flavilinea",4
"416","SGUT503","SGUT50320117271","Empididae",1
"417","SGUT503","SGUT50320117271","Epeorus",8
"418","SGUT503","SGUT50320117271","Eukiefferiella",2
"419","SGUT503","SGUT50320117271","Eukiefferiella",23
"420","SGUT503","SGUT50320117271","Farula",13
"421","SGUT503","SGUT50320117271","Frontipoda",1
"422","SGUT503","SGUT50320117271","Gumaga",2
"423","SGUT503","SGUT50320117271","Heleniella",1
"424","SGUT503","SGUT50320117271","Hydropsyche",32
"425","SGUT503","SGUT50320117271","Lebertia",4
"426","SGUT503","SGUT50320117271","Lepidostoma",10
"427","SGUT503","SGUT50320117271","Malenka",6
"428","SGUT503","SGUT50320117271","Micrasema",38
"429","SGUT503","SGUT50320117271","Micropsectra",1
"430","SGUT503","SGUT50320117271","Micropsectra",37
"431","SGUT503","SGUT50320117271","Muscidae",1
"432","SGUT503","SGUT50320117271","Neoplasta",10
"433","SGUT503","SGUT50320117271","Oligochaeta",6
"434","SGUT503","SGUT50320117271","Pagastia",13
"435","SGUT503","SGUT50320117271","Parametriocnemus",14
"436","SGUT503","SGUT50320117271","Pericoma/ Telmatoscopus",1
"437","SGUT503","SGUT50320117271","Polypedilum",61
"438","SGUT503","SGUT50320117271","Prodiamesa",1
"439","SGUT503","SGUT50320117271","Rheotanytarsus",11
"440","SGUT503","SGUT50320117271","Rhyacophila",3
"441","SGUT503","SGUT50320117271","Simulium hippovorum",3
"442","SGUT503","SGUT50320117271","Simulium piperi",2
"443","SGUT503","SGUT50320117271","Sperchon",11
"444","SGUT503","SGUT50320117271","Sperchonopsis",2
"445","SGUT503","SGUT50320117271","Stenochironomus",2
"446","SGUT503","SGUT50320117271","Tinodes",1
"447","SGUT503","SGUT50320117271","Torrenticola",5
"448","SGUT503","SGUT50320117271","Turbellaria",1
"449","SGUT503","SGUT50320117271","Tvetenia ",7
"450","SGUT503","SGUT50320117271","Tvetenia bavarica group",52
"451","SMC00080","SMC000802010781","Agabus",1
"452","SMC00080","SMC000802010781","Argia",3
"453","SMC00080","SMC000802010781","Baetis",6
"454","SMC00080","SMC000802010781","Brillia",11
"455","SMC00080","SMC000802010781","Caloparyphus/ Euparyphus",2
"456","SMC00080","SMC000802010781","Ceratopogonidae",1
"457","SMC00080","SMC000802010781","Chironomus",3
"458","SMC00080","SMC000802010781","Dasyhelea",32
"459","SMC00080","SMC000802010781","Eukiefferiella",1
"460","SMC00080","SMC000802010781","Eukiefferiella",24
"461","SMC00080","SMC000802010781","Hydrobius",2
"462","SMC00080","SMC000802010781","Hydroptilidae",17
"463","SMC00080","SMC000802010781","Micropsectra",248
"464","SMC00080","SMC000802010781","Ochrotrichia",1
"465","SMC00080","SMC000802010781","Oligochaeta",32
"466","SMC00080","SMC000802010781","Parametriocnemus",43
"467","SMC00080","SMC000802010781","Pentaneura",1
"468","SMC00080","SMC000802010781","Polypedilum",16
"469","SMC00080","SMC000802010781","Simulium",1
"470","SMC00080","SMC000802010781","Simulium",25
"471","SMC00080","SMC000802010781","Stictotarsus",1
"472","SMC00080","SMC000802010781","Tanytarsus",31
"473","SMC00080","SMC000802010781","Thienemannimyia group",1
"474","SMC00080","SMC000802010781","Tvetenia bavarica group",29
"475","SMC00080","SMC0008020116131","Agabus",2
"476","SMC00080","SMC0008020116131","Atractides",2
"477","SMC00080","SMC0008020116131","Baetis adonis",25
"478","SMC00080","SMC0008020116131","Caloparyphus/ Euparyphus",5
"479","SMC00080","SMC0008020116131","Chironomus",1
"480","SMC00080","SMC0008020116131","Corynoneura",1
"481","SMC00080","SMC0008020116131","Cricotopus",9
"482","SMC00080","SMC0008020116131","Culicoides",1
"483","SMC00080","SMC0008020116131","Dicranota",2
"484","SMC00080","SMC0008020116131","Eukiefferiella",1
"485","SMC00080","SMC0008020116131","Eukiefferiella",21
"486","SMC00080","SMC0008020116131","Fallceon quilleri",3
"487","SMC00080","SMC0008020116131","Heleniella",6
"488","SMC00080","SMC0008020116131","Hexatoma",1
"489","SMC00080","SMC0008020116131","Hydrobius",1
"490","SMC00080","SMC0008020116131","Hydropsyche",12
"491","SMC00080","SMC0008020116131","Hydropsychidae",10
"492","SMC00080","SMC0008020116131","Hydroptila",1
"493","SMC00080","SMC0008020116131","Lethocerus",1
"494","SMC00080","SMC0008020116131","Malenka",14
"495","SMC00080","SMC0008020116131","Micropsectra",72
"496","SMC00080","SMC0008020116131","Oligochaeta",1
"497","SMC00080","SMC0008020116131","Ostracoda",2
"498","SMC00080","SMC0008020116131","Parametriocnemus",61
"499","SMC00080","SMC0008020116131","Pentaneura",2
"500","SMC00080","SMC0008020116131","Polypedilum",15
"501","SMC00080","SMC0008020116131","Psectrocladius",1
"502","SMC00080","SMC0008020116131","Rheotanytarsus",1
"503","SMC00080","SMC0008020116131","Rhyacophila",1
"504","SMC00080","SMC0008020116131","Simulium",93
"505","SMC00080","SMC0008020116131","Simulium canadense",2
"506","SMC00080","SMC0008020116131","Sperchon",2
"507","SMC00080","SMC0008020116131","Tanytarsus",11
"508","SMC00080","SMC0008020116131","Thienemannimyia group",4
"509","SMC00080","SMC0008020116131","Tinodes",1
"510","SMC00080","SMC0008020116131","Tipula",1
"511","SMC00080","SMC0008020116131","Tvetenia ",11
"512","SMC00080","SMC0008020116131","Tvetenia bavarica group",198
"513","SMC00105","SMC0010520095121","Agabus",2
"514","SMC00105","SMC0010520095121","Anagapetus",1
"515","SMC00105","SMC0010520095121","Apedilum",21
"516","SMC00105","SMC0010520095121","Atractides",1
"517","SMC00105","SMC0010520095121","Baetis",12
"518","SMC00105","SMC0010520095121","Bezzia/ Palpomyia",1
"519","SMC00105","SMC0010520095121","Brillia",25
"520","SMC00105","SMC0010520095121","Corynoneura",6
"521","SMC00105","SMC0010520095121","Cricotopus",48
"522","SMC00105","SMC0010520095121","Cricotopus",7
"523","SMC00105","SMC0010520095121","Dixa",3
"524","SMC00105","SMC0010520095121","Ephydridae",3
"525","SMC00105","SMC0010520095121","Eukiefferiella",28
"526","SMC00105","SMC0010520095121","Gyrinus",1
"527","SMC00105","SMC0010520095121","Hydraena",3
"528","SMC00105","SMC0010520095121","Hydropsyche",2
"529","SMC00105","SMC0010520095121","Hydroptila",10
"530","SMC00105","SMC0010520095121","Isoperla",3
"531","SMC00105","SMC0010520095121","Limnophora",2
"532","SMC00105","SMC0010520095121","Limonia",1
"533","SMC00105","SMC0010520095121","Maruina",2
"534","SMC00105","SMC0010520095121","Meringodixa",5
"535","SMC00105","SMC0010520095121","Metriocnemus",1
"536","SMC00105","SMC0010520095121","Micrasema",3
"537","SMC00105","SMC0010520095121","Micropsectra",41
"538","SMC00105","SMC0010520095121","Nematoda",7
"539","SMC00105","SMC0010520095121","Oligochaeta",20
"540","SMC00105","SMC0010520095121","Ostracoda",9
"541","SMC00105","SMC0010520095121","Paraleptophlebia",63
"542","SMC00105","SMC0010520095121","Peltodytes",38
"543","SMC00105","SMC0010520095121","Pentaneura",10
"544","SMC00105","SMC0010520095121","Pericoma/ Telmatoscopus",1
"545","SMC00105","SMC0010520095121","Physa",51
"546","SMC00105","SMC0010520095121","Planariidae",4
"547","SMC00105","SMC0010520095121","Polypedilum",61
"548","SMC00105","SMC0010520095121","Rheotanytarsus",2
"549","SMC00105","SMC0010520095121","Rheotanytarsus",49
"550","SMC00105","SMC0010520095121","Sanfilippodytes",1
"551","SMC00105","SMC0010520095121","Sanfilippodytes",5
"552","SMC00105","SMC0010520095121","Sperchon",4
"553","SMC00105","SMC0010520095121","Stempellinella",1
"554","SMC00105","SMC0010520095121","Stenochironomus",2
"555","SMC00105","SMC0010520095121","Stictotarsus",2
"556","SMC00105","SMC0010520095121","Stictotarsus",4
"557","SMC00105","SMC0010520095121","Tanytarsus",3
"558","SMC00105","SMC0010520095121","Tipula",1
"559","SMC00153","SMC001532009681","Alotanypus",2
"560","SMC00153","SMC001532009681","Cambaridae",1
"561","SMC00153","SMC001532009681","Ceratopogon",1
"562","SMC00153","SMC001532009681","Chironomidae ",2
"563","SMC00153","SMC001532009681","Chironomus",17
"564","SMC00153","SMC001532009681","Corbicula",4
"565","SMC00153","SMC001532009681","Corisella inscripta",3
"566","SMC00153","SMC001532009681","Corixidae",53
"567","SMC00153","SMC001532009681","Crangonyx",24
"568","SMC00153","SMC001532009681","Cricotopus",10
"569","SMC00153","SMC001532009681","Enochrus ",1
"570","SMC00153","SMC001532009681","Enochrus ochraceus",1
"571","SMC00153","SMC001532009681","Eukiefferiella",1
"572","SMC00153","SMC001532009681","Gammarus",312
"573","SMC00153","SMC001532009681","Hyalella",102
"574","SMC00153","SMC001532009681","Hydroptila",4
"575","SMC00153","SMC001532009681","Micropsectra",11
"576","SMC00153","SMC001532009681","Micropsectra ",3
"577","SMC00153","SMC001532009681","Oligochaeta",55
"578","SMC00153","SMC001532009681","Ostracoda",6
"579","SMC00153","SMC001532009681","Parametriocnemus",1
"580","SMC00153","SMC001532009681","Physa",1
"581","SMC00153","SMC001532009681","Prostoma",5
"582","SMC00153","SMC001532009681","Simulium",2
"583","SMC00153","SMC001532009681","Tanytarsus",2
"584","SMC00153","SMC001532009681","Tribelos",3
"585","SMC00153","SMC001532009681","Trichocorixa reticulata",14
"586","SMC00153","SMC001532009681","Turbellaria",1
"587","SMC00153","SMC001532009682","Argia",1
"588","SMC00153","SMC001532009682","Bezzia/ Palpomyia",1
"589","SMC00153","SMC001532009682","Chironomidae ",1
"590","SMC00153","SMC001532009682","Chironomus",18
"591","SMC00153","SMC001532009682","Chironomus",4
"592","SMC00153","SMC001532009682","Corbicula",9
"593","SMC00153","SMC001532009682","Corisella inscripta",1
"594","SMC00153","SMC001532009682","Corixidae",20
"595","SMC00153","SMC001532009682","Crangonyx",10
"596","SMC00153","SMC001532009682","Cricotopus",1
"597","SMC00153","SMC001532009682","Cricotopus",19
"598","SMC00153","SMC001532009682","Cricotopus bicinctus group",2
"599","SMC00153","SMC001532009682","Dicrotendipes ",3
"600","SMC00153","SMC001532009682","Dicrotendipes ",6
"601","SMC00153","SMC001532009682","Gammarus",259
"602","SMC00153","SMC001532009682","Hyalella",133
"603","SMC00153","SMC001532009682","Laccobius",1
"604","SMC00153","SMC001532009682","Micropsectra ",36
"605","SMC00153","SMC001532009682","Micropsectra ",5
"606","SMC00153","SMC001532009682","Oligochaeta",76
"607","SMC00153","SMC001532009682","Ostracoda",5
"608","SMC00153","SMC001532009682","Physa",1
"609","SMC00153","SMC001532009682","Polypedilum ",2
"610","SMC00153","SMC001532009682","Procladius ",1
"611","SMC00153","SMC001532009682","Tanytarsus ",6
"612","SMC00153","SMC001532009682","Tribelos ",4
"613","SMC00153","SMC001532009682","Trichocorixa reticulata",2
"614","SMC00191","SMC0019120107121","Ambrysus",1
"615","SMC00191","SMC0019120107121","Apedilum",1
"616","SMC00191","SMC0019120107121","Atractides",1
"617","SMC00191","SMC0019120107121","Baetis",8
"618","SMC00191","SMC0019120107121","Baetis adonis",43
"619","SMC00191","SMC0019120107121","Bezzia/ Palpomyia",22
"620","SMC00191","SMC0019120107121","Caloparyphus/ Euparyphus",7
"621","SMC00191","SMC0019120107121","Ceratopogonidae",3
"622","SMC00191","SMC0019120107121","Cricotopus",1
"623","SMC00191","SMC0019120107121","Cricotopus bicinctus group",1
"624","SMC00191","SMC0019120107121","Cryptochironomus",12
"625","SMC00191","SMC0019120107121","Culicoides",3
"626","SMC00191","SMC0019120107121","Dasyhelea",4
"627","SMC00191","SMC0019120107121","Elmidae",1
"628","SMC00191","SMC0019120107121","Fallceon quilleri",17
"629","SMC00191","SMC0019120107121","Hemerodromia",3
"630","SMC00191","SMC0019120107121","Hydropsyche",58
"631","SMC00191","SMC0019120107121","Hydroptila",13
"632","SMC00191","SMC0019120107121","Hydroptilidae",1
"633","SMC00191","SMC0019120107121","Lebertia",1
"634","SMC00191","SMC0019120107121","Limnophila",1
"635","SMC00191","SMC0019120107121","Neotrichia",3
"636","SMC00191","SMC0019120107121","Oligochaeta",1
"637","SMC00191","SMC0019120107121","Ostracoda",1
"638","SMC00191","SMC0019120107121","Paracladopelma",5
"639","SMC00191","SMC0019120107121","Pentaneura",5
"640","SMC00191","SMC0019120107121","Polypedilum",13
"641","SMC00191","SMC0019120107121","Probezzia",1
"642","SMC00191","SMC0019120107121","Psychodidae",1
"643","SMC00191","SMC0019120107121","Rheotanytarsus",6
"644","SMC00191","SMC0019120107121","Rheotanytarsus",87
"645","SMC00191","SMC0019120107121","Simulium",85
"646","SMC00191","SMC0019120107121","Sperchon",16
"647","SMC00191","SMC0019120107121","Tanypodinae",1
"648","SMC00191","SMC0019120107121","Tanytarsus",1
"649","SMC00191","SMC0019120107121","Tanytarsus",2
"650","SMC00191","SMC0019120107121","Thienemannimyia group",7
"651","SMC00191","SMC0019120107121","Tricorythodes minutus",127
"652","SMC00198","SMC0019820095201","Ablabesmyia",6
"653","SMC00198","SMC0019820095201","Alotanypus",4
"654","SMC00198","SMC0019820095201","Argia",21
"655","SMC00198","SMC0019820095201","Baetis",2
"656","SMC00198","SMC0019820095201","Baetis adonis",124
"657","SMC00198","SMC0019820095201","Coenagrionidae",1
"658","SMC00198","SMC0019820095201","Corixidae",1
"659","SMC00198","SMC0019820095201","Corynoneura",1
"660","SMC00198","SMC0019820095201","Cryptochironomus",1
"661","SMC00198","SMC0019820095201","Fallceon quilleri",37
"662","SMC00198","SMC0019820095201","Hetaerina americana",1
"663","SMC00198","SMC0019820095201","Hyalella",13
"664","SMC00198","SMC0019820095201","Hydroptila",1
"665","SMC00198","SMC0019820095201","Labrundinia ",1
"666","SMC00198","SMC0019820095201","Labrundinia",7
"667","SMC00198","SMC0019820095201","Micropsectra",2
"668","SMC00198","SMC0019820095201","Oligochaeta",26
"669","SMC00198","SMC0019820095201","Ostracoda",270
"670","SMC00198","SMC0019820095201","Parametriocnemus",1
"671","SMC00198","SMC0019820095201","Pentaneura",7
"672","SMC00198","SMC0019820095201","Physa",4
"673","SMC00198","SMC0019820095201","Polypedilum",2
"674","SMC00198","SMC0019820095201","Procladius",3
"675","SMC00198","SMC0019820095201","Prostoma",2
"676","SMC00198","SMC0019820095201","Simulium",51
"677","SMC00198","SMC0019820095201","Sperchon",26
"678","SMC00198","SMC0019820095201","Tanytarsus",16
"679","SMC00198","SMC0019820095201","Tribelos",2
"680","SMC00198","SMC0019820095201","Turbellaria",1
"681","SMC00206","SMC0020620095181","Baetis",3
"682","SMC00206","SMC0020620095181","Corbicula fluminea",3
"683","SMC00206","SMC0020620095181","Cricotopus",1
"684","SMC00206","SMC0020620095181","Ephydridae",1
"685","SMC00206","SMC0020620095181","Fallceon quilleri",1
"686","SMC00206","SMC0020620095181","Hyalella",96
"687","SMC00206","SMC0020620095181","Libellulidae",1
"688","SMC00206","SMC0020620095181","Limonia",1
"689","SMC00206","SMC0020620095181","Micropsectra",4
"690","SMC00206","SMC0020620095181","Nematoda",17
"691","SMC00206","SMC0020620095181","Oligochaeta",74
"692","SMC00206","SMC0020620095181","Ostracoda",70
"693","SMC00206","SMC0020620095181","Paraphaenocladius",1
"694","SMC00206","SMC0020620095181","Pentaneura",9
"695","SMC00206","SMC0020620095181","Physa",5
"696","SMC00206","SMC0020620095181","Potamopyrgus antipodarum",235
"697","SMC00206","SMC0020620095181","Procambarus clarkii",1
"698","SMC00206","SMC0020620095181","Procladius",5
"699","SMC00206","SMC0020620095181","Rheocricotopus",4
"700","SMC00206","SMC0020620095181","Rheotanytarsus",28
"701","SMC00206","SMC0020620095181","Simulium",11
"702","SMC00271","SMC002712009641","Ablabesmyia",6
"703","SMC00271","SMC002712009641","Baetis",1
"704","SMC00271","SMC002712009641","Bezzia/ Palpomyia",5
"705","SMC00271","SMC002712009641","Brillia",4
"706","SMC00271","SMC002712009641","Caenis",3
"707","SMC00271","SMC002712009641","Caloparyphus/ Euparyphus",1
"708","SMC00271","SMC002712009641","Chironomidae",2
"709","SMC00271","SMC002712009641","Chironomus",1
"710","SMC00271","SMC002712009641","Chloroperlidae",2
"711","SMC00271","SMC002712009641","Corynoneura",4
"712","SMC00271","SMC002712009641","Cricotopus",2
"713","SMC00271","SMC002712009641","Cricotopus",8
"714","SMC00271","SMC002712009641","Cricotopus bicinctus group",22
"715","SMC00271","SMC002712009641","Dicrotendipes",25
"716","SMC00271","SMC002712009641","Eubrianax edwardsii",1
"717","SMC00271","SMC002712009641","Gumaga",10
"718","SMC00271","SMC002712009641","Heptageniidae",1
"719","SMC00271","SMC002712009641","Heterlimnius",7
"720","SMC00271","SMC002712009641","Hydropsyche",1
"721","SMC00271","SMC002712009641","Lauterborniella",1
"722","SMC00271","SMC002712009641","Lepidostoma",41
"723","SMC00271","SMC002712009641","Malenka",6
"724","SMC00271","SMC002712009641","Micrasema",61
"725","SMC00271","SMC002712009641","Micropsectra",2
"726","SMC00271","SMC002712009641","Microtendipes",11
"727","SMC00271","SMC002712009641","Mideopsis",10
"728","SMC00271","SMC002712009641","Neotrichia",2
"729","SMC00271","SMC002712009641","Octogomphus specularis",1
"730","SMC00271","SMC002712009641","Oligochaeta",61
"731","SMC00271","SMC002712009641","Paracladopelma",2
"732","SMC00271","SMC002712009641","Paraleptophlebia",10
"733","SMC00271","SMC002712009641","Parametriocnemus",1
"734","SMC00271","SMC002712009641","Parametriocnemus",12
"735","SMC00271","SMC002712009641","Pentaneura",2
"736","SMC00271","SMC002712009641","Pericoma/ Telmatoscopus",2
"737","SMC00271","SMC002712009641","Physa",27
"738","SMC00271","SMC002712009641","Polypedilum",97
"739","SMC00271","SMC002712009641","Procladius",1
"740","SMC00271","SMC002712009641","Rheotanytarsus",12
"741","SMC00271","SMC002712009641","Rhyacophila",1
"742","SMC00271","SMC002712009641","Stempellinella",1
"743","SMC00271","SMC002712009641","Synorthocladius",4
"744","SMC00271","SMC002712009641","Tanypodinae",3
"745","SMC00271","SMC002712009641","Tanytarsus",35
"746","SMC00271","SMC002712009641","Thienemannimyia group",20
"747","SMC00271","SMC002712009641","Torrenticola",19
"748","SMC00282","SMC002822009691","Agabus",1
"749","SMC00282","SMC002822009691","Apedilum",2
"750","SMC00282","SMC002822009691","Archilestes grandis",1
"751","SMC00282","SMC002822009691","Atractides",1
"752","SMC00282","SMC002822009691","Baetis adonis",36
"753","SMC00282","SMC002822009691","Berosus",8
"754","SMC00282","SMC002822009691","Bezzia/ Palpomyia",1
"755","SMC00282","SMC002822009691","Callibaetis",8
"756","SMC00282","SMC002822009691","Ceratopogonidae",6
"757","SMC00282","SMC002822009691","Coenagrionidae",2
"758","SMC00282","SMC002822009691","Corynoneura",5
"759","SMC00282","SMC002822009691","Cricotopus",37
"760","SMC00282","SMC002822009691","Cricotopus bicinctus group",1
"761","SMC00282","SMC002822009691","Dasyhelea",54
"762","SMC00282","SMC002822009691","Demicryptochironomus",1
"763","SMC00282","SMC002822009691","Dicrotendipes",4
"764","SMC00282","SMC002822009691","Ephydridae",25
"765","SMC00282","SMC002822009691","Eukiefferiella",14
"766","SMC00282","SMC002822009691","Fallceon quilleri",4
"767","SMC00282","SMC002822009691","Hemerodromia",3
"768","SMC00282","SMC002822009691","Hyalella",4
"769","SMC00282","SMC002822009691","Hydropsyche",2
"770","SMC00282","SMC002822009691","Hydroptila",3
"771","SMC00282","SMC002822009691","Isoperla",1
"772","SMC00282","SMC002822009691","Laccobius",11
"773","SMC00282","SMC002822009691","Libellulidae",1
"774","SMC00282","SMC002822009691","Micrasema",20
"775","SMC00282","SMC002822009691","Microtendipes",1
"776","SMC00282","SMC002822009691","Muscidae",2
"777","SMC00282","SMC002822009691","Nilotanypus",4
"778","SMC00282","SMC002822009691","Ochrotrichia",21
"779","SMC00282","SMC002822009691","Odontomyia",4
"780","SMC00282","SMC002822009691","Oligochaeta",55
"781","SMC00282","SMC002822009691","Ostracoda",8
"782","SMC00282","SMC002822009691","Parametriocnemus",3
"783","SMC00282","SMC002822009691","Peltodytes",1
"784","SMC00282","SMC002822009691","Peltodytes",2
"785","SMC00282","SMC002822009691","Pentaneura",2
"786","SMC00282","SMC002822009691","Physa",173
"787","SMC00282","SMC002822009691","Pseudochironomus",18
"788","SMC00282","SMC002822009691","Rheotanytarsus ",19
"789","SMC00282","SMC002822009691","Rheotanytarsus",96
"790","SMC00282","SMC002822009691","Simulium",84
"791","SMC00282","SMC002822009691","Sperchon",3
"792","SMC00282","SMC002822009691","Stictotarsus",2
"793","SMC00282","SMC002822009691","Tropisternus ",1
"794","SMC00282","SMC002822009691","Tropisternus ellipticus",1
"795","SMC00288","SMC0028820096181","Anax",2
"796","SMC00288","SMC0028820096181","Argia",109
"797","SMC00288","SMC0028820096181","Baetis adonis",155
"798","SMC00288","SMC0028820096181","Corynoneura",2
"799","SMC00288","SMC0028820096181","Cricotopus ",3
"800","SMC00288","SMC0028820096181","Cricotopus",5
"801","SMC00288","SMC0028820096181","Eukiefferiella",6
"802","SMC00288","SMC0028820096181","Ferrissia",1
"803","SMC00288","SMC0028820096181","Hydroptila",7
"804","SMC00288","SMC0028820096181","Limnophyes",4
"805","SMC00288","SMC0028820096181","Odonata",1
"806","SMC00288","SMC0028820096181","Oligochaeta",55
"807","SMC00288","SMC0028820096181","Ostracoda",17
"808","SMC00288","SMC0028820096181","Parametriocnemus",2
"809","SMC00288","SMC0028820096181","Pentaneura",12
"810","SMC00288","SMC0028820096181","Physa",46
"811","SMC00288","SMC0028820096181","Pisidium",3
"812","SMC00288","SMC0028820096181","Procladius",1
"813","SMC00288","SMC0028820096181","Prostoma",12
"814","SMC00288","SMC0028820096181","Rheocricotopus",15
"815","SMC00288","SMC0028820096181","Simulium",67
"816","SMC00288","SMC0028820096181","Stenochironomus",1
"817","SMC00288","SMC0028820096181","Tanytarsus",1
"818","SMC00288","SMC0028820096181","Tipula",2
"819","SMC00288","SMC0028820096181","Turbellaria",95
"820","SMC00318","SMC0031820106151","Ablabesmyia",1
"821","SMC00318","SMC0031820106151","Apedilum",1
"822","SMC00318","SMC0031820106151","Chironomus",11
"823","SMC00318","SMC0031820106151","Cricotopus",365
"824","SMC00318","SMC0031820106151","Cricotopus",66
"825","SMC00318","SMC0031820106151","Cryptochironomus",10
"826","SMC00318","SMC0031820106151","Dicrotendipes",23
"827","SMC00318","SMC0031820106151","Ephydridae",1
"828","SMC00318","SMC0031820106151","Oligochaeta",42
"829","SMC00318","SMC0031820106151","Ostracoda",48
"830","SMC00318","SMC0031820106151","Procladius",3
"831","SMC00318","SMC0031820106151","Tanytarsus",1
"832","SMC00318","SMC0031820106151","Tanytarsus",2
"833","SMC00324","SMC0032420106211","Ambrysus",1
"834","SMC00324","SMC0032420106211","Baetidae",8
"835","SMC00324","SMC0032420106211","Baetis",3
"836","SMC00324","SMC0032420106211","Bezzia/ Palpomyia",3
"837","SMC00324","SMC0032420106211","Caloparyphus/ Euparyphus",3
"838","SMC00324","SMC0032420106211","Centroptilum",11
"839","SMC00324","SMC0032420106211","Corixidae",3
"840","SMC00324","SMC0032420106211","Cricotopus",1
"841","SMC00324","SMC0032420106211","Cryptochironomus",2
"842","SMC00324","SMC0032420106211","Dicrotendipes",1
"843","SMC00324","SMC0032420106211","Dina",2
"844","SMC00324","SMC0032420106211","Fallceon quilleri",10
"845","SMC00324","SMC0032420106211","Hetaerina americana",2
"846","SMC00324","SMC0032420106211","Hyalella",52
"847","SMC00324","SMC0032420106211","Hydropsyche",1
"848","SMC00324","SMC0032420106211","Labrundinia",5
"849","SMC00324","SMC0032420106211","Limnophila",4
"850","SMC00324","SMC0032420106211","Nectopsyche",37
"851","SMC00324","SMC0032420106211","Oligochaeta",164
"852","SMC00324","SMC0032420106211","Ostracoda",27
"853","SMC00324","SMC0032420106211","Paracladopelma",1
"854","SMC00324","SMC0032420106211","Peltodytes",1
"855","SMC00324","SMC0032420106211","Peltodytes",4
"856","SMC00324","SMC0032420106211","Pentaneura",3
"857","SMC00324","SMC0032420106211","Physa",2
"858","SMC00324","SMC0032420106211","Polypedilum",8
"859","SMC00324","SMC0032420106211","Sperchon",1
"860","SMC00324","SMC0032420106211","Stictotarsus",1
"861","SMC00324","SMC0032420106211","Tanytarsus",1
"862","SMC00324","SMC0032420106211","Thienemannimyia group",1
"863","SMC00324","SMC0032420106211","Tricorythodes minutus",183
"864","SMC00324","SMC0032420106211","Turbellaria",23
"865","SMC00324","SMC0032420117131","Ablabesmyia",5
"866","SMC00324","SMC0032420117131","Apedilum",2
"867","SMC00324","SMC0032420117131","Arrenurus",1
"868","SMC00324","SMC0032420117131","Atractides",2
"869","SMC00324","SMC0032420117131","Caloparyphus/ Euparyphus",2
"870","SMC00324","SMC0032420117131","Corixidae",7
"871","SMC00324","SMC0032420117131","Cricotopus bicinctus group",6
"872","SMC00324","SMC0032420117131","Cryptochironomus",11
"873","SMC00324","SMC0032420117131","Dasyhelea",1
"874","SMC00324","SMC0032420117131","Dolichopodidae",2
"875","SMC00324","SMC0032420117131","Elmidae",1
"876","SMC00324","SMC0032420117131","Enallagma",2
"877","SMC00324","SMC0032420117131","Eukiefferiella",1
"878","SMC00324","SMC0032420117131","Euparyphus",1
"879","SMC00324","SMC0032420117131","Fallceon quilleri",46
"880","SMC00324","SMC0032420117131","Hemerodromia",1
"881","SMC00324","SMC0032420117131","Hyalella",33
"882","SMC00324","SMC0032420117131","Hydroptila",6
"883","SMC00324","SMC0032420117131","Labrundinia",15
"884","SMC00324","SMC0032420117131","Lethocerus",1
"885","SMC00324","SMC0032420117131","Naucoridae",3
"886","SMC00324","SMC0032420117131","Nectopsyche",9
"887","SMC00324","SMC0032420117131","Oligochaeta",16
"888","SMC00324","SMC0032420117131","Ostracoda",41
"889","SMC00324","SMC0032420117131","Oxyethira",1
"890","SMC00324","SMC0032420117131","Paracladopelma",1
"891","SMC00324","SMC0032420117131","Peltodytes",1
"892","SMC00324","SMC0032420117131","Peltodytes",3
"893","SMC00324","SMC0032420117131","Pentaneura",1
"894","SMC00324","SMC0032420117131","Pentaneura",21
"895","SMC00324","SMC0032420117131","Pericoma/ Telmatoscopus",1
"896","SMC00324","SMC0032420117131","Physa",22
"897","SMC00324","SMC0032420117131","Polypedilum",14
"898","SMC00324","SMC0032420117131","Procladius",2
"899","SMC00324","SMC0032420117131","Pseudochironomus",1
"900","SMC00324","SMC0032420117131","Rheocricotopus",1
"901","SMC00324","SMC0032420117131","Sperchon",1
"902","SMC00324","SMC0032420117131","Tanytarsus",11
"903","SMC00324","SMC0032420117131","Thienemanniella",2
"904","SMC00324","SMC0032420117131","Thienemannimyia group",1
"905","SMC00324","SMC0032420117131","Tribelos",2
"906","SMC00324","SMC0032420117131","Tricorythodes explicatus",275
"907","SMC00324","SMC0032420117131","Turbellaria",17
"908","SMC00382","SMC0038220096231","Alotanypus",1
"909","SMC00382","SMC0038220096231","Ceratopogonidae",1
"910","SMC00382","SMC0038220096231","Chironomus",1
"911","SMC00382","SMC0038220096231","Chironomus",34
"912","SMC00382","SMC0038220096231","Cricotopus",11
"913","SMC00382","SMC0038220096231","Cricotopus",113
"914","SMC00382","SMC0038220096231","Cricotopus bicinctus group",1
"915","SMC00382","SMC0038220096231","Culex",1
"916","SMC00382","SMC0038220096231","Dasyhelea",35
"917","SMC00382","SMC0038220096231","Dicrotendipes",3
"918","SMC00382","SMC0038220096231","Dicrotendipes",356
"919","SMC00382","SMC0038220096231","Microtendipes",6
"920","SMC00382","SMC0038220096231","Ostracoda",37
"921","SMC00382","SMC0038220096231","Pseudochironomus",1
"922","SMC00382","SMC0038220096231","Tanytarsus",1
"923","SMC00382","SMC0038220096231","Thienemannimyia group",1
"924","SMC00428","SMC0042820107221","Argia",4
"925","SMC00428","SMC0042820107221","Baetidae",3
"926","SMC00428","SMC0042820107221","Baetis",38
"927","SMC00428","SMC0042820107221","Baetis adonis",116
"928","SMC00428","SMC0042820107221","Brillia",4
"929","SMC00428","SMC0042820107221","Corynoneura",3
"930","SMC00428","SMC0042820107221","Dolichopodidae",1
"931","SMC00428","SMC0042820107221","Empididae",1
"932","SMC00428","SMC0042820107221","Eukiefferiella",2
"933","SMC00428","SMC0042820107221","Euparyphus",1
"934","SMC00428","SMC0042820107221","Hemerodromia",1
"935","SMC00428","SMC0042820107221","Hydropsyche",27
"936","SMC00428","SMC0042820107221","Hydroptila",1
"937","SMC00428","SMC0042820107221","Hydroptilidae",1
"938","SMC00428","SMC0042820107221","Leptophlebiidae",1
"939","SMC00428","SMC0042820107221","Libellulidae",1
"940","SMC00428","SMC0042820107221","Malenka",5
"941","SMC00428","SMC0042820107221","Maruina lanceolata",9
"942","SMC00428","SMC0042820107221","Micrasema",64
"943","SMC00428","SMC0042820107221","Microtendipes",1
"944","SMC00428","SMC0042820107221","Paltothemis lineatipes",1
"945","SMC00428","SMC0042820107221","Parametriocnemus",1
"946","SMC00428","SMC0042820107221","Parametriocnemus",12
"947","SMC00428","SMC0042820107221","Pentaneura",1
"948","SMC00428","SMC0042820107221","Pentaneura",6
"949","SMC00428","SMC0042820107221","Polycentropus",1
"950","SMC00428","SMC0042820107221","Polypedilum",20
"951","SMC00428","SMC0042820107221","Rheotanytarsus",1
"952","SMC00428","SMC0042820107221","Rheotanytarsus",11
"953","SMC00428","SMC0042820107221","Simulium",233
"954","SMC00428","SMC0042820107221","Tanypodinae",1
"955","SMC00428","SMC0042820107221","Tanytarsus",6
"956","SMC00428","SMC0042820107221","Tricorythodes minutus",9
"957","SMC00428","SMC004282011831","Agapetus",7
"958","SMC00428","SMC004282011831","Argia",1
"959","SMC00428","SMC004282011831","Baetis",26
"960","SMC00428","SMC004282011831","Baetis tricaudatus",102
"961","SMC00428","SMC004282011831","Brillia",4
"962","SMC00428","SMC004282011831","Caenis",1
"963","SMC00428","SMC004282011831","Corynoneura",1
"964","SMC00428","SMC004282011831","Demicryptochironomus",2
"965","SMC00428","SMC004282011831","Diphetor hageni",9
"966","SMC00428","SMC004282011831","Empididae",1
"967","SMC00428","SMC004282011831","Epeorus",8
"968","SMC00428","SMC004282011831","Eukiefferiella",20
"969","SMC00428","SMC004282011831","Glossosomatidae",2
"970","SMC00428","SMC004282011831","Hydropsyche",43
"971","SMC00428","SMC004282011831","Hydropsychidae",3
"972","SMC00428","SMC004282011831","Lepidostoma",1
"973","SMC00428","SMC004282011831","Malenka",18
"974","SMC00428","SMC004282011831","Micrasema",8
"975","SMC00428","SMC004282011831","Neohermes",1
"976","SMC00428","SMC004282011831","Polypedilum",1
"977","SMC00428","SMC004282011831","Polypedilum",46
"978","SMC00428","SMC004282011831","Rheotanytarsus",12
"979","SMC00428","SMC004282011831","Rhyacophila",3
"980","SMC00428","SMC004282011831","Simulium hippovorum",210
"981","SMC00428","SMC004282011831","Simulium hippovorum",5
"982","SMC00428","SMC004282011831","Simulium piperi",5
"983","SMC00428","SMC004282011831","Sperchon",4
"984","SMC00428","SMC004282011831","Stempellinella",1
"985","SMC00428","SMC004282011831","Stenochironomus",2
"986","SMC00428","SMC004282011831","Tanytarsus",9
"987","SMC00428","SMC004282011831","Thienemannimyia group",10
"988","SMC00428","SMC004282011831","Wormaldia",39
"989","SMC00436","SMC0043620095261","Baetis",22
"990","SMC00436","SMC0043620095261","Chironomidae",1
"991","SMC00436","SMC0043620095261","Chironomus",2
"992","SMC00436","SMC0043620095261","Chironomus",29
"993","SMC00436","SMC0043620095261","Cladotanytarsus",6
"994","SMC00436","SMC0043620095261","Cricotopus",110
"995","SMC00436","SMC0043620095261","Cricotopus bicinctus group",15
"996","SMC00436","SMC0043620095261","Cryptochironomus",2
"997","SMC00436","SMC0043620095261","Dasyhelea",2
"998","SMC00436","SMC0043620095261","Dicrotendipes",44
"999","SMC00436","SMC0043620095261","Ephydridae",1
"1000","SMC00436","SMC0043620095261","Fallceon quilleri",25
"1001","SMC00436","SMC0043620095261","Hemerodromia",1
"1002","SMC00436","SMC0043620095261","Hemerodromia",21
"1003","SMC00436","SMC0043620095261","Hyalella",15
"1004","SMC00436","SMC0043620095261","Hydroptila",1
"1005","SMC00436","SMC0043620095261","Nematoda",1
"1006","SMC00436","SMC0043620095261","Oligochaeta",201
"1007","SMC00436","SMC0043620095261","Ostracoda",51
"1008","SMC00436","SMC0043620095261","Pentaneura",1
"1009","SMC00436","SMC0043620095261","Physa",1
"1010","SMC00436","SMC0043620095261","Polypedilum",1
"1011","SMC00436","SMC0043620095261","Sperchon",3
"1012","SMC00436","SMC0043620095261","Turbellaria",20
"1013","SMC00440","SMC0044020095201","Apedilum",22
"1014","SMC00440","SMC0044020095201","Baetis",38
"1015","SMC00440","SMC0044020095201","Bezzia/ Palpomyia",4
"1016","SMC00440","SMC0044020095201","Brillia",3
"1017","SMC00440","SMC0044020095201","Caloparyphus/ Euparyphus",2
"1018","SMC00440","SMC0044020095201","Chironomidae ",5
"1019","SMC00440","SMC0044020095201","Chironomus",49
"1020","SMC00440","SMC0044020095201","Coenagrionidae",4
"1021","SMC00440","SMC0044020095201","Corynoneura",16
"1022","SMC00440","SMC0044020095201","Corynoneura",3
"1023","SMC00440","SMC0044020095201","Cricotopus",9
"1024","SMC00440","SMC0044020095201","Cryptochironomus",1
"1025","SMC00440","SMC0044020095201","Culicoides",23
"1026","SMC00440","SMC0044020095201","Dicrotendipes",1
"1027","SMC00440","SMC0044020095201","Dolichopodidae",1
"1028","SMC00440","SMC0044020095201","Ephydridae",1
"1029","SMC00440","SMC0044020095201","Eukiefferiella",25
"1030","SMC00440","SMC0044020095201","Hydroptila",5
"1031","SMC00440","SMC0044020095201","Libellulidae",1
"1032","SMC00440","SMC0044020095201","Limnophyes",17
"1033","SMC00440","SMC0044020095201","Malenka",1
"1034","SMC00440","SMC0044020095201","Micropsectra",48
"1035","SMC00440","SMC0044020095201","Muscidae",1
"1036","SMC00440","SMC0044020095201","Oligochaeta",84
"1037","SMC00440","SMC0044020095201","Ostracoda",22
"1038","SMC00440","SMC0044020095201","Paracladopelma",3
"1039","SMC00440","SMC0044020095201","Parametriocnemus",10
"1040","SMC00440","SMC0044020095201","Paraphaenocladius",3
"1041","SMC00440","SMC0044020095201","Pericoma/ Telmatoscopus",3
"1042","SMC00440","SMC0044020095201","Polypedilum",35
"1043","SMC00440","SMC0044020095201","Rheotanytarsus",21
"1044","SMC00440","SMC0044020095201","Simulium",1
"1045","SMC00440","SMC0044020095201","Simulium",116
"1046","SMC00440","SMC0044020095201","Tanypodinae ",1
"1047","SMC00440","SMC0044020095201","Tanytarsus",2
"1048","SMC00440","SMC0044020095201","Tipula",2
"1049","SMC00440","SMC0044020095201","Tipulidae",3
"1050","SMC00446","SMC004462010711","Alotanypus",3
"1051","SMC00446","SMC004462010711","Ceratopogonidae",3
"1052","SMC00446","SMC004462010711","Chironomus",6
"1053","SMC00446","SMC004462010711","Coenagrionidae",1
"1054","SMC00446","SMC004462010711","Cricotopus",3
"1055","SMC00446","SMC004462010711","Culicidae",1
"1056","SMC00446","SMC004462010711","Hyalella",30
"1057","SMC00446","SMC004462010711","Limnophyes",2
"1058","SMC00446","SMC004462010711","Micropsectra",32
"1059","SMC00446","SMC004462010711","Oligochaeta",340
"1060","SMC00446","SMC004462010711","Paratendipes",2
"1061","SMC00446","SMC004462010711","Polypedilum",2
"1062","SMC00446","SMC004462010711","Procambarus clarkii",4
"1063","SMC00446","SMC004462010711","Procladius",9
"1064","SMC00446","SMC004462010711","Sciomyzidae",1
"1065","SMC00446","SMC004462010711","Tanytarsus",2
"1066","SMC00446","SMC004462010711","Tipula",1
"1067","SMC00446","SMC004462010711","Trichoptera",1
"1068","SMC00457","SMC004572009641","Agabus seriatus",1
"1069","SMC00457","SMC004572009641","Apedilum",1
"1070","SMC00457","SMC004572009641","Argia",8
"1071","SMC00457","SMC004572009641","Atractides",2
"1072","SMC00457","SMC004572009641","Baetis adonis",146
"1073","SMC00457","SMC004572009641","Bezzia/ Palpomyia",1
"1074","SMC00457","SMC004572009641","Brillia",1
"1075","SMC00457","SMC004572009641","Caloparyphus/ Euparyphus",1
"1076","SMC00457","SMC004572009641","Cheumatopsyche",57
"1077","SMC00457","SMC004572009641","Chironomidae ",3
"1078","SMC00457","SMC004572009641","Corbicula",5
"1079","SMC00457","SMC004572009641","Corynoneura",3
"1080","SMC00457","SMC004572009641","Eukiefferiella",17
"1081","SMC00457","SMC004572009641","Fallceon quilleri",8
"1082","SMC00457","SMC004572009641","Hemerodromia",1
"1083","SMC00457","SMC004572009641","Hyalella",116
"1084","SMC00457","SMC004572009641","Hydropsyche",62
"1085","SMC00457","SMC004572009641","Hydroptila",27
"1086","SMC00457","SMC004572009641","Hydroptilidae",4
"1087","SMC00457","SMC004572009641","Isoperla",2
"1088","SMC00457","SMC004572009641","Maruina lanceolata",2
"1089","SMC00457","SMC004572009641","Micrasema",34
"1090","SMC00457","SMC004572009641","Micropsectra",8
"1091","SMC00457","SMC004572009641","Muscidae",1
"1092","SMC00457","SMC004572009641","Oligochaeta",1
"1093","SMC00457","SMC004572009641","Ostracoda",5
"1094","SMC00457","SMC004572009641","Parametriocnemus",31
"1095","SMC00457","SMC004572009641","Pentaneura",4
"1096","SMC00457","SMC004572009641","Physa",3
"1097","SMC00457","SMC004572009641","Polypedilum",2
"1098","SMC00457","SMC004572009641","Rheocricotopus",10
"1099","SMC00457","SMC004572009641","Rheotanytarsus ",1
"1100","SMC00457","SMC004572009641","Rheotanytarsus",38
"1101","SMC00457","SMC004572009641","Simulium",19
"1102","SMC00457","SMC004572009641","Sperchon",7
"1103","SMC00457","SMC004572009641","Tinodes",4
"1104","SMC00457","SMC004572009641","Turbellaria",2
"1105","SMC00457","SMC004572009641","Wormaldia",6
"1106","SMC00464","SMC004642009581","Agapetus",1
"1107","SMC00464","SMC004642009581","Baetis",11
"1108","SMC00464","SMC004642009581","Caenis",3
"1109","SMC00464","SMC004642009581","Caloparyphus/ Euparyphus",1
"1110","SMC00464","SMC004642009581","Cheumatopsyche",1
"1111","SMC00464","SMC004642009581","Chironomidae ",4
"1112","SMC00464","SMC004642009581","Cricotopus",10
"1113","SMC00464","SMC004642009581","Cricotopus",12
"1114","SMC00464","SMC004642009581","Cricotopus bicinctus group",71
"1115","SMC00464","SMC004642009581","Cricotopus trifascia group",3
"1116","SMC00464","SMC004642009581","Dicrotendipes",5
"1117","SMC00464","SMC004642009581","Drunella",1
"1118","SMC00464","SMC004642009581","Epeorus",1
"1119","SMC00464","SMC004642009581","Eukiefferiella",13
"1120","SMC00464","SMC004642009581","Helicopsyche",15
"1121","SMC00464","SMC004642009581","Hemerodromia",2
"1122","SMC00464","SMC004642009581","Hetaerina americana",1
"1123","SMC00464","SMC004642009581","Hydropsyche",3
"1124","SMC00464","SMC004642009581","Lebertia",3
"1125","SMC00464","SMC004642009581","Microcylloepus",1
"1126","SMC00464","SMC004642009581","Micropsectra",1
"1127","SMC00464","SMC004642009581","Microtendipes",88
"1128","SMC00464","SMC004642009581","Oligochaeta",47
"1129","SMC00464","SMC004642009581","Optioservus",5
"1130","SMC00464","SMC004642009581","Ordobrevia nubifera",4
"1131","SMC00464","SMC004642009581","Ostracoda",158
"1132","SMC00464","SMC004642009581","Physa",3
"1133","SMC00464","SMC004642009581","Polypedilum",1
"1134","SMC00464","SMC004642009581","Psephenus falli",1
"1135","SMC00464","SMC004642009581","Rheotanytarsus",2
"1136","SMC00464","SMC004642009581","Serratella",42
"1137","SMC00464","SMC004642009581","Simulium",1
"1138","SMC00464","SMC004642009581","Simulium",6
"1139","SMC00464","SMC004642009581","Sperchon",7
"1140","SMC00464","SMC004642009581","Tanytarsus",10
"1141","SMC00464","SMC004642009581","Tinodes",4
"1142","SMC00464","SMC004642009581","Torrenticola",5
"1143","SMC00464","SMC004642009581","Tricorythodes",5
"1144","SMC00464","SMC004642009581","Wormaldia",1
"1145","SMC00464","SMC004642009581","Zaitzevia",14
"1146","SMC00473","SMC004732009631","Argia",8
"1147","SMC00473","SMC004732009631","Baetis",3
"1148","SMC00473","SMC004732009631","Baetis adonis",26
"1149","SMC00473","SMC004732009631","Brachycera",1
"1150","SMC00473","SMC004732009631","Caloparyphus/ Euparyphus",2
"1151","SMC00473","SMC004732009631","Cambaridae",1
"1152","SMC00473","SMC004732009631","Cheumatopsyche",14
"1153","SMC00473","SMC004732009631","Coenagrionidae",13
"1154","SMC00473","SMC004732009631","Corbicula",20
"1155","SMC00473","SMC004732009631","Corynoneura",2
"1156","SMC00473","SMC004732009631","Ephydridae",1
"1157","SMC00473","SMC004732009631","Eukiefferiella",10
"1158","SMC00473","SMC004732009631","Helisoma",3
"1159","SMC00473","SMC004732009631","Hyalella",162
"1160","SMC00473","SMC004732009631","Hydroptila",8
"1161","SMC00473","SMC004732009631","Micropsectra",12
"1162","SMC00473","SMC004732009631","Oligochaeta",12
"1163","SMC00473","SMC004732009631","Ostracoda",2
"1164","SMC00473","SMC004732009631","Parametriocnemus",13
"1165","SMC00473","SMC004732009631","Paraphaenocladius",2
"1166","SMC00473","SMC004732009631","Pentaneura",6
"1167","SMC00473","SMC004732009631","Physa",2
"1168","SMC00473","SMC004732009631","Procladius",4
"1169","SMC00473","SMC004732009631","Pseudosmittia",1
"1170","SMC00473","SMC004732009631","Rheocricotopus",7
"1171","SMC00473","SMC004732009631","Rheotanytarsus",23
"1172","SMC00473","SMC004732009631","Rheotanytarsus ",3
"1173","SMC00473","SMC004732009631","Simulium",212
"1174","SMC00473","SMC004732009631","Sperchon",6
"1175","SMC00473","SMC004732009631","Tanytarsus",2
"1176","SMC00473","SMC004732009631","Turbellaria",8
"1177","SMC00476","SMC004762009681","Abedus",2
"1178","SMC00476","SMC004762009681","Atractides",1
"1179","SMC00476","SMC004762009681","Baetis",51
"1180","SMC00476","SMC004762009681","Bezzia/ Palpomyia",4
"1181","SMC00476","SMC004762009681","Brillia",80
"1182","SMC00476","SMC004762009681","Caenis",1
"1183","SMC00476","SMC004762009681","Calineuria californica",2
"1184","SMC00476","SMC004762009681","Caloparyphus/ Euparyphus",2
"1185","SMC00476","SMC004762009681","Chironomidae",3
"1186","SMC00476","SMC004762009681","Chloroperlidae",4
"1187","SMC00476","SMC004762009681","Corynoneura",10
"1188","SMC00476","SMC004762009681","Cryptolabis",1
"1189","SMC00476","SMC004762009681","Dixa",2
"1190","SMC00476","SMC004762009681","Drunella",3
"1191","SMC00476","SMC004762009681","Ephemerella",25
"1192","SMC00476","SMC004762009681","Eubrianax edwardsii",1
"1193","SMC00476","SMC004762009681","Eukiefferiella",12
"1194","SMC00476","SMC004762009681","Frontipoda",3
"1195","SMC00476","SMC004762009681","Gomphidae",1
"1196","SMC00476","SMC004762009681","Helichus",1
"1197","SMC00476","SMC004762009681","Hydraena",2
"1198","SMC00476","SMC004762009681","Lepidostoma",24
"1199","SMC00476","SMC004762009681","Leucrocuta",30
"1200","SMC00476","SMC004762009681","Malenka",4
"1201","SMC00476","SMC004762009681","Maruina",1
"1202","SMC00476","SMC004762009681","Meringodixa chalonensis",6
"1203","SMC00476","SMC004762009681","Micrasema",3
"1204","SMC00476","SMC004762009681","Micropsectra",123
"1205","SMC00476","SMC004762009681","Neophylax",2
"1206","SMC00476","SMC004762009681","Octogomphus specularis",1
"1207","SMC00476","SMC004762009681","Oligochaeta",5
"1208","SMC00476","SMC004762009681","Paraleptophlebia",50
"1209","SMC00476","SMC004762009681","Parametriocnemus",17
"1210","SMC00476","SMC004762009681","Parapsyche",1
"1211","SMC00476","SMC004762009681","Pentaneura",1
"1212","SMC00476","SMC004762009681","Pericoma/ Telmatoscopus",1
"1213","SMC00476","SMC004762009681","Polycentropus",2
"1214","SMC00476","SMC004762009681","Polypedilum",3
"1215","SMC00476","SMC004762009681","Polypedilum",51
"1216","SMC00476","SMC004762009681","Protzia",1
"1217","SMC00476","SMC004762009681","Rheotanytarsus",6
"1218","SMC00476","SMC004762009681","Rhyacophila",3
"1219","SMC00476","SMC004762009681","Simulium",4
"1220","SMC00476","SMC004762009681","Sperchon",1
"1221","SMC00476","SMC004762009681","Stenochironomus",1
"1222","SMC00476","SMC004762009681","Synorthocladius",2
"1223","SMC00476","SMC004762009681","Thienemannimyia group",13
"1224","SMC00476","SMC004762009681","Turbellaria",1
"1225","SMC00476","SMC004762009681","Wormaldia",1
"1226","SMC00476","SMC004762009681","Zaitzevia",1
"1227","SMC00479","SMC0047920117131","Apedilum",5
"1228","SMC00479","SMC0047920117131","Chironomidae",2
"1229","SMC00479","SMC0047920117131","Chironomus",25
"1230","SMC00479","SMC0047920117131","Cricotopus ",57
"1231","SMC00479","SMC0047920117131","Cricotopus",85
"1232","SMC00479","SMC0047920117131","Dasyhelea",1
"1233","SMC00479","SMC0047920117131","Dicrotendipes",16
"1234","SMC00479","SMC0047920117131","Dicrotendipes",53
"1235","SMC00479","SMC0047920117131","Ephydridae",1
"1236","SMC00479","SMC0047920117131","Ephydridae",5
"1237","SMC00479","SMC0047920117131","Eukiefferiella",4
"1238","SMC00479","SMC0047920117131","Hyalella",1
"1239","SMC00479","SMC0047920117131","Micropsectra",2
"1240","SMC00479","SMC0047920117131","Micropsectra",80
"1241","SMC00479","SMC0047920117131","Oligochaeta",59
"1242","SMC00479","SMC0047920117131","Orthocladius complex",12
"1243","SMC00479","SMC0047920117131","Orthocladius complex",45
"1244","SMC00479","SMC0047920117131","Ostracoda",148
"1245","SMC00479","SMC0047920117131","Paracladopelma",3
"1246","SMC00479","SMC0047920117131","Parametriocnemus",6
"1247","SMC00479","SMC0047920117131","Pentaneura",1
"1248","SMC00479","SMC0047920117131","Physa",1
"1249","SMC00479","SMC0047920117131","Polypedilum",1
"1250","SMC00479","SMC0047920117131","Pseudochironomus",3
"1251","SMC00479","SMC0047920117131","Rheotanytarsus",1
"1252","SMC00479","SMC0047920117131","Simulium",1
"1253","SMC00479","SMC0047920117131","Simulium",3
"1254","SMC00479","SMC0047920117131","Simulium donovani",3
"1255","SMC00479","SMC0047920117131","Simulium tescorum",8
"1256","SMC00479","SMC0047920117132","Apedilum",9
"1257","SMC00479","SMC0047920117132","Chironomus",2
"1258","SMC00479","SMC0047920117132","Chironomus",32
"1259","SMC00479","SMC0047920117132","Cricotopus",41
"1260","SMC00479","SMC0047920117132","Cricotopus",91
"1261","SMC00479","SMC0047920117132","Dasyhelea",1
"1262","SMC00479","SMC0047920117132","Dicrotendipes",12
"1263","SMC00479","SMC0047920117132","Dicrotendipes",66
"1264","SMC00479","SMC0047920117132","Ephydridae",1
"1265","SMC00479","SMC0047920117132","Ephydridae",3
"1266","SMC00479","SMC0047920117132","Eukiefferiella",3
"1267","SMC00479","SMC0047920117132","Micropsectra",110
"1268","SMC00479","SMC0047920117132","Micropsectra",4
"1269","SMC00479","SMC0047920117132","Oligochaeta",38
"1270","SMC00479","SMC0047920117132","Ormosia",1
"1271","SMC00479","SMC0047920117132","Orthocladius complex",11
"1272","SMC00479","SMC0047920117132","Orthocladius complex",40
"1273","SMC00479","SMC0047920117132","Ostracoda",85
"1274","SMC00479","SMC0047920117132","Paracladopelma",11
"1275","SMC00479","SMC0047920117132","Parametriocnemus",1
"1276","SMC00479","SMC0047920117132","Parametriocnemus",15
"1277","SMC00479","SMC0047920117132","Physa",1
"1278","SMC00479","SMC0047920117132","Polypedilum",8
"1279","SMC00479","SMC0047920117132","Pseudochironomus",2
"1280","SMC00479","SMC0047920117132","Simulium donovani",5
"1281","SMC00480","SMC0048020095131","Agapetus",10
"1282","SMC00480","SMC0048020095131","Atractides",6
"1283","SMC00480","SMC0048020095131","Baetis",147
"1284","SMC00480","SMC0048020095131","Blepharicera",4
"1285","SMC00480","SMC0048020095131","Brillia",15
"1286","SMC00480","SMC0048020095131","Calineuria californica",6
"1287","SMC00480","SMC0048020095131","Chloroperlidae",1
"1288","SMC00480","SMC0048020095131","Coenagrionidae",1
"1289","SMC00480","SMC0048020095131","Dixa",1
"1290","SMC00480","SMC0048020095131","Drunella",10
"1291","SMC00480","SMC0048020095131","Epeorus",16
"1292","SMC00480","SMC0048020095131","Eukiefferiella",36
"1293","SMC00480","SMC0048020095131","Euparyphus",1
"1294","SMC00480","SMC0048020095131","Fallceon quilleri",9
"1295","SMC00480","SMC0048020095131","Glossosoma",2
"1296","SMC00480","SMC0048020095131","Glossosoma",3
"1297","SMC00480","SMC0048020095131","Helicopsyche",11
"1298","SMC00480","SMC0048020095131","Hemerodromia",3
"1299","SMC00480","SMC0048020095131","Hemerodromia",5
"1300","SMC00480","SMC0048020095131","Heterlimnius",2
"1301","SMC00480","SMC0048020095131","Hydropsyche",16
"1302","SMC00480","SMC0048020095131","Hydroptila",1
"1303","SMC00480","SMC0048020095131","Isoperla",5
"1304","SMC00480","SMC0048020095131","Lebertia",6
"1305","SMC00480","SMC0048020095131","Malenka",2
"1306","SMC00480","SMC0048020095131","Maruina lanceolata",8
"1307","SMC00480","SMC0048020095131","Micropsectra",7
"1308","SMC00480","SMC0048020095131","Microtendipes",7
"1309","SMC00480","SMC0048020095131","Mideopsis",1
"1310","SMC00480","SMC0048020095131","Neoplasta",1
"1311","SMC00480","SMC0048020095131","Neotrichia",5
"1312","SMC00480","SMC0048020095131","Ochrotrichia",7
"1313","SMC00480","SMC0048020095131","Oligochaeta",4
"1314","SMC00480","SMC0048020095131","Optioservus",1
"1315","SMC00480","SMC0048020095131","Ordobrevia",2
"1316","SMC00480","SMC0048020095131","Orthocladius Complex",1
"1317","SMC00480","SMC0048020095131","Pagastia",1
"1318","SMC00480","SMC0048020095131","Parametriocnemus",2
"1319","SMC00480","SMC0048020095131","Physa",3
"1320","SMC00480","SMC0048020095131","Polypedilum",25
"1321","SMC00480","SMC0048020095131","Rheotanytarsus",3
"1322","SMC00480","SMC0048020095131","Rheotanytarsus",42
"1323","SMC00480","SMC0048020095131","Rhyacophila",2
"1324","SMC00480","SMC0048020095131","Serratella",23
"1325","SMC00480","SMC0048020095131","Simulium",1
"1326","SMC00480","SMC0048020095131","Simulium",16
"1327","SMC00480","SMC0048020095131","Sperchon",2
"1328","SMC00480","SMC0048020095131","Stempellinella",3
"1329","SMC00480","SMC0048020095131","Tanytarsus",5
"1330","SMC00480","SMC0048020095131","Thienemanniella",7
"1331","SMC00480","SMC0048020095131","Thienemannimyia group",1
"1332","SMC00480","SMC0048020095131","Tinodes",3
"1333","SMC00480","SMC0048020095131","Tipulidae",1
"1334","SMC00480","SMC0048020095131","Torrenticola",3
"1335","SMC00480","SMC0048020095131","Tricorythodes",28
"1336","SMC00480","SMC0048020095131","Turbellaria",8
"1337","SMC00480","SMC0048020095131","Wormaldia",12
"1338","SMC00480","SMC0048020095131","Zaitzevia",1
"1339","SMC00480","SMC0048020095132","Agapetus",15
"1340","SMC00480","SMC0048020095132","Baetis",140
"1341","SMC00480","SMC0048020095132","Blepharicera",2
"1342","SMC00480","SMC0048020095132","Calineuria californica",1
"1343","SMC00480","SMC0048020095132","Caloparyphus/ Euparyphus",3
"1344","SMC00480","SMC0048020095132","Chironomidae",1
"1345","SMC00480","SMC0048020095132","Corynoneura",2
"1346","SMC00480","SMC0048020095132","Cricotopus",8
"1347","SMC00480","SMC0048020095132","Drunella",7
"1348","SMC00480","SMC0048020095132","Epeorus",31
"1349","SMC00480","SMC0048020095132","Eukiefferiella",32
"1350","SMC00480","SMC0048020095132","Euparyphus",5
"1351","SMC00480","SMC0048020095132","Glossosoma",1
"1352","SMC00480","SMC0048020095132","Helicopsyche",42
"1353","SMC00480","SMC0048020095132","Hemerodromia",5
"1354","SMC00480","SMC0048020095132","Hemerodromia",7
"1355","SMC00480","SMC0048020095132","Hydropsyche",18
"1356","SMC00480","SMC0048020095132","Isoperla",4
"1357","SMC00480","SMC0048020095132","Lebertia",9
"1358","SMC00480","SMC0048020095132","Lepidostoma",2
"1359","SMC00480","SMC0048020095132","Malenka",1
"1360","SMC00480","SMC0048020095132","Maruina lanceolata",5
"1361","SMC00480","SMC0048020095132","Narpus",1
"1362","SMC00480","SMC0048020095132","Neophylax",1
"1363","SMC00480","SMC0048020095132","Ochrotrichia",4
"1364","SMC00480","SMC0048020095132","Oligochaeta",10
"1365","SMC00480","SMC0048020095132","Ordobrevia",2
"1366","SMC00480","SMC0048020095132","Pericoma/ Telmatoscopus",1
"1367","SMC00480","SMC0048020095132","Physa",3
"1368","SMC00480","SMC0048020095132","Polypedilum",25
"1369","SMC00480","SMC0048020095132","Probezzia",1
"1370","SMC00480","SMC0048020095132","Prostoma",1
"1371","SMC00480","SMC0048020095132","Protzia",1
"1372","SMC00480","SMC0048020095132","Rheotanytarsus",1
"1373","SMC00480","SMC0048020095132","Rheotanytarsus",47
"1374","SMC00480","SMC0048020095132","Rhyacophila",5
"1375","SMC00480","SMC0048020095132","Serratella",17
"1376","SMC00480","SMC0048020095132","Simulium",64
"1377","SMC00480","SMC0048020095132","Sperchon",7
"1378","SMC00480","SMC0048020095132","Stempellinella",1
"1379","SMC00480","SMC0048020095132","Stilobezzia",1
"1380","SMC00480","SMC0048020095132","Thienemanniella",10
"1381","SMC00480","SMC0048020095132","Thienemannimyia group",6
"1382","SMC00480","SMC0048020095132","Tinodes",6
"1383","SMC00480","SMC0048020095132","Torrenticola",4
"1384","SMC00480","SMC0048020095132","Tricorythodes",37
"1385","SMC00480","SMC0048020095132","Turbellaria",1
"1386","SMC00480","SMC0048020095132","Tvetenia bavarica group",1
"1387","SMC00480","SMC0048020095132","Wormaldia",2
"1388","SMC00520","SMC0052020095191","Atractides",3
"1389","SMC00520","SMC0052020095191","Baetis",63
"1390","SMC00520","SMC0052020095191","Bezzia/ Palpomyia",3
"1391","SMC00520","SMC0052020095191","Brechmorhoga mendax",12
"1392","SMC00520","SMC0052020095191","Caloparyphus/ Euparyphus",17
"1393","SMC00520","SMC0052020095191","Cheumatopsyche",15
"1394","SMC00520","SMC0052020095191","Coenagrionidae",1
"1395","SMC00520","SMC0052020095191","Corynoneura",1
"1396","SMC00520","SMC0052020095191","Cricotopus",3
"1397","SMC00520","SMC0052020095191","Cricotopus trifascia group ",3
"1398","SMC00520","SMC0052020095191","Demicryptochironomus",2
"1399","SMC00520","SMC0052020095191","Euparyphus",2
"1400","SMC00520","SMC0052020095191","Fallceon quilleri",13
"1401","SMC00520","SMC0052020095191","Hemerodromia",2
"1402","SMC00520","SMC0052020095191","Hydrobiidae",1
"1403","SMC00520","SMC0052020095191","Hydropsyche",63
"1404","SMC00520","SMC0052020095191","Hydroptila",4
"1405","SMC00520","SMC0052020095191","Micrasema",8
"1406","SMC00520","SMC0052020095191","Microtendipes",12
"1407","SMC00520","SMC0052020095191","Ochrotrichia",2
"1408","SMC00520","SMC0052020095191","Octogomphus specularis",1
"1409","SMC00520","SMC0052020095191","Oligochaeta",34
"1410","SMC00520","SMC0052020095191","Ostracoda",1
"1411","SMC00520","SMC0052020095191","Paracladopelma",1
"1412","SMC00520","SMC0052020095191","Parametriocnemus",9
"1413","SMC00520","SMC0052020095191","Physa",1
"1414","SMC00520","SMC0052020095191","Polypedilum",54
"1415","SMC00520","SMC0052020095191","Protzia",3
"1416","SMC00520","SMC0052020095191","Rheocricotopus",5
"1417","SMC00520","SMC0052020095191","Rheotanytarsus",41
"1418","SMC00520","SMC0052020095191","Serratella",10
"1419","SMC00520","SMC0052020095191","Simulium",87
"1420","SMC00520","SMC0052020095191","Sperchon",4
"1421","SMC00520","SMC0052020095191","Thienemannimyia group",8
"1422","SMC00520","SMC0052020095191","Tipula",1
"1423","SMC00520","SMC0052020095191","Torrenticola",6
"1424","SMC00520","SMC0052020095191","Tricorythodes",58
"1425","SMC00520","SMC005202010781","Atrichopogon",1
"1426","SMC00520","SMC005202010781","Baetidae",1
"1427","SMC00520","SMC005202010781","Baetis adonis",204
"1428","SMC00520","SMC005202010781","Callibaetis",1
"1429","SMC00520","SMC005202010781","Caloparyphus/ Euparyphus",2
"1430","SMC00520","SMC005202010781","Cryptochironomus",1
"1431","SMC00520","SMC005202010781","Dasyhelea",10
"1432","SMC00520","SMC005202010781","Eukiefferiella",5
"1433","SMC00520","SMC005202010781","Hydropsyche",3
"1434","SMC00520","SMC005202010781","Hydroptila",2
"1435","SMC00520","SMC005202010781","Hydroptilidae",1
"1436","SMC00520","SMC005202010781","Micropsectra",1
"1437","SMC00520","SMC005202010781","Optioservus",1
"1438","SMC00520","SMC005202010781","Paltothemis lineatipes",1
"1439","SMC00520","SMC005202010781","Parametriocnemus",1
"1440","SMC00520","SMC005202010781","Parametriocnemus",5
"1441","SMC00520","SMC005202010781","Pericoma/ Telmatoscopus",1
"1442","SMC00520","SMC005202010781","Polypedilum",4
"1443","SMC00520","SMC005202010781","Simulium",121
"1444","SMC00520","SMC005202010781","Sperchon",1
"1445","SMC00520","SMC005202010781","Tipulidae",1
"1446","SMC00520","SMC005202010781","Tvetenia bavarica group",2
"1447","SMC00520","SMC005202011851","Baetis",52
"1448","SMC00520","SMC005202011851","Baetis adonis",174
"1449","SMC00520","SMC005202011851","Cricotopus",3
"1450","SMC00520","SMC005202011851","Cricotopus",4
"1451","SMC00520","SMC005202011851","Cricotopus trifascia group",8
"1452","SMC00520","SMC005202011851","Eukiefferiella",2
"1453","SMC00520","SMC005202011851","Eukiefferiella",28
"1454","SMC00520","SMC005202011851","Fallceon quilleri",24
"1455","SMC00520","SMC005202011851","Hemerodromia",3
"1456","SMC00520","SMC005202011851","Hydropsyche",64
"1457","SMC00520","SMC005202011851","Hydroptila",12
"1458","SMC00520","SMC005202011851","Pentaneura",1
"1459","SMC00520","SMC005202011851","Physa",1
"1460","SMC00520","SMC005202011851","Polypedilum",4
"1461","SMC00520","SMC005202011851","Rheotanytarsus",4
"1462","SMC00520","SMC005202011851","Serratella",1
"1463","SMC00520","SMC005202011851","Simulium argus",1
"1464","SMC00520","SMC005202011851","Simulium hippovorum",11
"1465","SMC00520","SMC005202011851","Simulium hippovorum",198
"1466","SMC00520","SMC005202011851","Sperchon",3
"1467","SMC00531","SMC0053120095181","Apedilum",14
"1468","SMC00531","SMC0053120095181","Baetis",25
"1469","SMC00531","SMC0053120095181","Caloparyphus/ Euparyphus",15
"1470","SMC00531","SMC0053120095181","Chironomidae",1
"1471","SMC00531","SMC0053120095181","Chironomus",10
"1472","SMC00531","SMC0053120095181","Corynoneura",1
"1473","SMC00531","SMC0053120095181","Cricotopus",25
"1474","SMC00531","SMC0053120095181","Cricotopus",3
"1475","SMC00531","SMC0053120095181","Ephydridae",1
"1476","SMC00531","SMC0053120095181","Eukiefferiella",10
"1477","SMC00531","SMC0053120095181","Micropsectra",86
"1478","SMC00531","SMC0053120095181","Oligochaeta",31
"1479","SMC00531","SMC0053120095181","Ostracoda",288
"1480","SMC00531","SMC0053120095181","Pericoma/ Telmatoscopus",1
"1481","SMC00531","SMC0053120095181","Planariidae",20
"1482","SMC00531","SMC0053120095181","Pseudochironomus",3
"1483","SMC00531","SMC0053120095181","Simulium",58
"1484","SMC00531","SMC0053120095181","Tanytarsus",2
"1485","SMC00544","SMC0054420116221","Agapetus",4
"1486","SMC00544","SMC0054420116221","Atractides",9
"1487","SMC00544","SMC0054420116221","Baetis ",58
"1488","SMC00544","SMC0054420116221","Baetis adonis",35
"1489","SMC00544","SMC0054420116221","Baetis tricaudatus",1
"1490","SMC00544","SMC0054420116221","Brillia",87
"1491","SMC00544","SMC0054420116221","Clinocera",1
"1492","SMC00544","SMC0054420116221","Corynoneura",16
"1493","SMC00544","SMC0054420116221","Dixa",1
"1494","SMC00544","SMC0054420116221","Eukiefferiella",17
"1495","SMC00544","SMC0054420116221","Glossosomatidae",5
"1496","SMC00544","SMC0054420116221","Heleniella",1
"1497","SMC00544","SMC0054420116221","Hydropsyche",25
"1498","SMC00544","SMC0054420116221","Hydroptila",2
"1499","SMC00544","SMC0054420116221","Hydroptilidae",2
"1500","SMC00544","SMC0054420116221","Lepidostoma",30
